Hulk;+38 049 000 0001;Message 1;29-10-2019 16:49
IronMan;+38 049 000 0002;Message 2;12-03-2020 08:30
Thor;+38 049 000 0003;Message 3;14-02-2020 15:25
Scarlett;+38 049 000 0004;Message 4;20-10-2019 10:13
Hulk;+38 049 000 0001;Message 5;30-09-2019 14:05
IronMan;+38 049 000 0002;Message 6;12-12-2019 09:12
Thor;+38 049 000 0003;Message 7;06-09-2020 13:41
Scarlett;+38 049 000 0004;Message 8;03-07-2020 14:25
Hulk;+38 049 000 0001;Message 9;18-02-2020 12:37
IronMan;+38 049 000 0002;Message 10;01-03-2020 13:44
Thor;+38 049 000 0003;Message 11;26-07-2019 11:22
Scarlett;+38 049 000 0004;Message 12;23-06-2020 14:27
Hulk;+38 049 000 0001;Message 13;11-04-2020 14:42
IronMan;+38 049 000 0002;Message 14;28-06-2019 15:18
Thor;+38 049 000 0003;Message 15;19-01-2019 14:51
Scarlett;+38 049 000 0004;Message 16;10-09-2019 11:48
Hulk;+38 049 000 0001;Message 17;19-04-2020 15:42
IronMan;+38 049 000 0002;Message 18;19-03-2019 09:02
Thor;+38 049 000 0003;Message 19;20-07-2020 10:33
Scarlett;+38 049 000 0004;Message 20;16-09-2019 10:15
Hulk;+38 049 000 0001;Message 21;2020-06-14 11:10
IronMan;+38 049 000 0002;Message 22;2020-01-26 08:43
Thor;+38 049 000 0003;Message 23;2019-04-25 08:48
Scarlett;+38 049 000 0004;Message 24;2019-10-30 08:22
Hulk;+38 049 000 0001;Message 25;2020-06-18 10:01
IronMan;+38 049 000 0002;Message 26;2019-09-23 10:38
Thor;+38 049 000 0003;Message 27;2019-08-15 13:39
Scarlett;+38 049 000 0004;Message 28;2019-11-06 16:18
Hulk;+38 049 000 0001;Message 29;2019-11-28 13:56
IronMan;+38 049 000 0002;Message 30;2019-01-11 14:23
Thor;+38 049 000 0003;Message 31;2019-08-07 09:50
Scarlett;+38 049 000 0004;Message 32;2019-03-14 15:05
Hulk;+38 049 000 0001;Message 33;2019-07-31 11:19
IronMan;+38 049 000 0002;Message 34;2020-03-04 13:56
Thor;+38 049 000 0003;Message 35;2019-06-27 16:33
Scarlett;+38 049 000 0004;Message 36;2020-06-05 12:58
Hulk;+38 049 000 0001;Message 37;2020-07-08 14:11
IronMan;+38 049 000 0002;Message 38;2020-02-15 13:27
Thor;+38 049 000 0003;Message 39;2019-02-10 15:12
Scarlett;+38 049 000 0004;Message 40;2020-08-25 16:15
Hulk;+38 049 000 0001;Message 41;2020-08-29 16:16
IronMan;+38 049 000 0002;Message 42;2019-06-10 11:32
Thor;+38 049 000 0003;Message 43;2020-05-10 13:07
Scarlett;+38 049 000 0004;Message 44;2020-03-27 13:52
Hulk;+38 049 000 0001;Message 45;2019-10-02 13:06
IronMan;+38 049 000 0002;Message 46;2019-06-28 08:48
Thor;+38 049 000 0003;Message 47;2019-12-11 10:13
Scarlett;+38 049 000 0004;Message 48;2020-04-02 16:59
Hulk;+38 049 000 0001;Message 49;2019-08-09 12:45
IronMan;+38 049 000 0002;Message 50;2020-05-09 08:03
Thor;+38 049 000 0003;Message 51;2020-08-01 15:06
Scarlett;+38 049 000 0004;Message 52;2020-08-25 14:51
Hulk;+38 049 000 0001;Message 53;2019-11-04 09:38
IronMan;+38 049 000 0002;Message 54;2020-07-26 11:16
Thor;+38 049 000 0003;Message 55;2020-09-02 08:09
Scarlett;+38 049 000 0004;Message 56;2020-05-17 16:06
Hulk;+38 049 000 0001;Message 57;2020-01-07 11:26
IronMan;+38 049 000 0002;Message 58;2019-07-17 11:43
Thor;+38 049 000 0003;Message 59;2019-06-06 16:04
Scarlett;+38 049 000 0004;Message 60;2019-04-04 12:31
Hulk;+38 049 000 0001;Message 61;2019-06-16 16:53
IronMan;+38 049 000 0002;Message 62;2020-03-15 11:21
Thor;+38 049 000 0003;Message 63;2019-04-08 13:02
Scarlett;+38 049 000 0004;Message 64;2019-08-15 13:35
Hulk;+38 049 000 0001;Message 65;2020-07-02 16:27
IronMan;+38 049 000 0002;Message 66;2020-06-25 14:15
Thor;+38 049 000 0003;Message 67;2020-04-19 14:44
Scarlett;+38 049 000 0004;Message 68;2020-02-11 16:06
Hulk;+38 049 000 0001;Message 69;2019-10-03 12:21
IronMan;+38 049 000 0002;Message 70;2019-05-22 15:07
Thor;+38 049 000 0003;Message 71;2019-04-12 10:30
Scarlett;+38 049 000 0004;Message 72;2019-05-11 09:23
Hulk;+38 049 000 0001;Message 73;2019-04-05 16:43
IronMan;+38 049 000 0002;Message 74;2019-09-05 12:53
Thor;+38 049 000 0003;Message 75;2019-11-06 08:06
Scarlett;+38 049 000 0004;Message 76;2019-08-27 15:12
Hulk;+38 049 000 0001;Message 77;2020-05-30 16:25
IronMan;+38 049 000 0002;Message 78;2019-02-06 11:49
Thor;+38 049 000 0003;Message 79;2020-02-20 14:31
Scarlett;+38 049 000 0004;Message 80;2019-01-24 11:39
Hulk;+38 049 000 0001;Message 81;2020-04-25 16:17
IronMan;+38 049 000 0002;Message 82;2019-12-09 11:18
Thor;+38 049 000 0003;Message 83;2019-07-14 12:14
Scarlett;+38 049 000 0004;Message 84;2019-03-21 10:11
Hulk;+38 049 000 0001;Message 85;2019-07-04 11:14
IronMan;+38 049 000 0002;Message 86;2020-09-21 09:44
Thor;+38 049 000 0003;Message 87;2019-12-29 11:58
Scarlett;+38 049 000 0004;Message 88;2020-07-23 12:18
Hulk;+38 049 000 0001;Message 89;2020-02-27 08:10
IronMan;+38 049 000 0002;Message 90;2019-06-28 15:20
Thor;+38 049 000 0003;Message 91;2020-03-22 12:04
Scarlett;+38 049 000 0004;Message 92;2019-02-01 13:18
Hulk;+38 049 000 0001;Message 93;2020-04-22 16:06
IronMan;+38 049 000 0002;Message 94;2020-08-29 11:48
Thor;+38 049 000 0003;Message 95;2020-07-01 14:19
Scarlett;+38 049 000 0004;Message 96;2020-02-14 11:16
Hulk;+38 049 000 0001;Message 97;2020-07-11 08:09
IronMan;+38 049 000 0002;Message 98;2019-11-18 09:17
Thor;+38 049 000 0003;Message 99;2020-03-23 15:36
Scarlett;+38 049 000 0004;Message 100;2019-01-01 08:33
Hulk;+38 049 000 0001;Message 101;2019-05-30 13:34
IronMan;+38 049 000 0002;Message 102;2020-04-01 13:31
Thor;+38 049 000 0003;Message 103;2020-05-04 14:32
Scarlett;+38 049 000 0004;Message 104;2020-07-11 16:29
Hulk;+38 049 000 0001;Message 105;2019-11-28 14:56
IronMan;+38 049 000 0002;Message 106;2020-08-28 15:17
Thor;+38 049 000 0003;Message 107;2019-02-10 11:49
Scarlett;+38 049 000 0004;Message 108;2019-01-06 16:52
Hulk;+38 049 000 0001;Message 109;2019-02-12 09:57
IronMan;+38 049 000 0002;Message 110;2019-05-22 14:52
Thor;+38 049 000 0003;Message 111;2019-03-29 16:59
Scarlett;+38 049 000 0004;Message 112;2020-07-27 15:48
Hulk;+38 049 000 0001;Message 113;2019-11-28 14:55
IronMan;+38 049 000 0002;Message 114;2019-11-11 15:57
Thor;+38 049 000 0003;Message 115;2019-04-05 11:42
Scarlett;+38 049 000 0004;Message 116;2020-05-17 09:20
Hulk;+38 049 000 0001;Message 117;2020-06-25 16:42
IronMan;+38 049 000 0002;Message 118;2019-02-15 11:34
Thor;+38 049 000 0003;Message 119;2019-07-21 08:01
Scarlett;+38 049 000 0004;Message 120;2019-09-20 09:29
Hulk;+38 049 000 0001;Message 121;2019-12-21 08:42
IronMan;+38 049 000 0002;Message 122;2020-03-09 11:50
Thor;+38 049 000 0003;Message 123;2020-05-07 10:37
Scarlett;+38 049 000 0004;Message 124;2019-01-05 08:24
Hulk;+38 049 000 0001;Message 125;2019-12-18 16:43
IronMan;+38 049 000 0002;Message 126;2019-12-26 13:50
Thor;+38 049 000 0003;Message 127;2020-09-20 13:41
Scarlett;+38 049 000 0004;Message 128;2019-01-03 14:01
Hulk;+38 049 000 0001;Message 129;2020-04-25 10:09
IronMan;+38 049 000 0002;Message 130;2020-05-05 11:07
Thor;+38 049 000 0003;Message 131;2019-07-12 10:24
Scarlett;+38 049 000 0004;Message 132;2019-11-12 11:13
Hulk;+38 049 000 0001;Message 133;2019-11-23 09:02
IronMan;+38 049 000 0002;Message 134;2019-08-10 08:57
Thor;+38 049 000 0003;Message 135;2020-08-20 10:36
Scarlett;+38 049 000 0004;Message 136;2019-01-28 12:41
Hulk;+38 049 000 0001;Message 137;2019-10-27 13:36
IronMan;+38 049 000 0002;Message 138;2019-12-01 12:36
Thor;+38 049 000 0003;Message 139;2019-02-12 13:15
Scarlett;+38 049 000 0004;Message 140;2020-02-16 15:16
Hulk;+38 049 000 0001;Message 141;2020-08-31 12:32
IronMan;+38 049 000 0002;Message 142;2019-09-05 11:42
Thor;+38 049 000 0003;Message 143;2020-07-01 14:37
Scarlett;+38 049 000 0004;Message 144;2020-03-03 14:09
Hulk;+38 049 000 0001;Message 145;2019-09-13 15:26
IronMan;+38 049 000 0002;Message 146;2020-08-14 12:10
Thor;+38 049 000 0003;Message 147;2019-08-17 08:13
Scarlett;+38 049 000 0004;Message 148;2020-09-14 09:28
Hulk;+38 049 000 0001;Message 149;2019-04-16 10:16
IronMan;+38 049 000 0002;Message 150;2020-07-15 09:57
Thor;+38 049 000 0003;Message 151;2019-11-29 15:07
Scarlett;+38 049 000 0004;Message 152;2020-09-11 13:29
Hulk;+38 049 000 0001;Message 153;2019-12-05 11:36
IronMan;+38 049 000 0002;Message 154;2020-09-13 12:12
Thor;+38 049 000 0003;Message 155;2019-08-09 16:26
Scarlett;+38 049 000 0004;Message 156;2019-06-27 14:29
Hulk;+38 049 000 0001;Message 157;2019-01-27 11:08
IronMan;+38 049 000 0002;Message 158;2019-04-06 16:50
Thor;+38 049 000 0003;Message 159;2019-02-16 13:02
Scarlett;+38 049 000 0004;Message 160;2019-11-01 14:55
Hulk;+38 049 000 0001;Message 161;2019-04-08 09:35
IronMan;+38 049 000 0002;Message 162;2019-07-14 13:43
Thor;+38 049 000 0003;Message 163;2019-06-04 11:01
Scarlett;+38 049 000 0004;Message 164;2019-10-07 15:54
Hulk;+38 049 000 0001;Message 165;2020-03-28 11:55
IronMan;+38 049 000 0002;Message 166;2019-05-12 15:25
Thor;+38 049 000 0003;Message 167;2020-06-12 08:21
Scarlett;+38 049 000 0004;Message 168;2020-06-07 15:20
Hulk;+38 049 000 0001;Message 169;2019-08-10 09:04
IronMan;+38 049 000 0002;Message 170;2019-01-15 13:06
Thor;+38 049 000 0003;Message 171;2020-02-17 10:02
Scarlett;+38 049 000 0004;Message 172;2019-10-25 15:54
Hulk;+38 049 000 0001;Message 173;2020-06-19 10:56
IronMan;+38 049 000 0002;Message 174;2019-12-01 12:09
Thor;+38 049 000 0003;Message 175;2020-07-12 10:35
Scarlett;+38 049 000 0004;Message 176;2019-12-26 11:23
Hulk;+38 049 000 0001;Message 177;2020-09-27 08:28
IronMan;+38 049 000 0002;Message 178;2020-03-31 12:19
Thor;+38 049 000 0003;Message 179;2019-07-29 16:04
Scarlett;+38 049 000 0004;Message 180;2019-01-02 13:40
Hulk;+38 049 000 0001;Message 181;2019-10-01 08:35
IronMan;+38 049 000 0002;Message 182;2020-08-23 16:37
Thor;+38 049 000 0003;Message 183;2019-07-21 09:10
Scarlett;+38 049 000 0004;Message 184;2019-03-11 15:06
Hulk;+38 049 000 0001;Message 185;2020-03-12 09:24
IronMan;+38 049 000 0002;Message 186;2020-04-17 08:11
Thor;+38 049 000 0003;Message 187;2020-02-08 14:15
Scarlett;+38 049 000 0004;Message 188;2019-04-22 16:21
Hulk;+38 049 000 0001;Message 189;2020-02-04 15:27
IronMan;+38 049 000 0002;Message 190;2020-01-04 12:24
Thor;+38 049 000 0003;Message 191;2020-04-02 09:43
Scarlett;+38 049 000 0004;Message 192;2019-12-01 10:02
Hulk;+38 049 000 0001;Message 193;2019-08-01 14:25
IronMan;+38 049 000 0002;Message 194;2020-07-06 08:20
Thor;+38 049 000 0003;Message 195;2019-09-12 09:12
Scarlett;+38 049 000 0004;Message 196;2020-04-09 08:24
Hulk;+38 049 000 0001;Message 197;2019-11-06 12:35
IronMan;+38 049 000 0002;Message 198;2020-04-26 10:16
Thor;+38 049 000 0003;Message 199;2019-05-31 11:16
Scarlett;+38 049 000 0004;Message 200;2020-04-18 10:30
Hulk;+38 049 000 0001;Message 201;2020-09-06 16:33
IronMan;+38 049 000 0002;Message 202;2020-05-19 08:12
Thor;+38 049 000 0003;Message 203;2020-07-21 15:19
Scarlett;+38 049 000 0004;Message 204;2019-07-28 15:02
Hulk;+38 049 000 0001;Message 205;2019-03-31 09:53
IronMan;+38 049 000 0002;Message 206;2019-07-16 16:45
Thor;+38 049 000 0003;Message 207;2019-09-13 13:00
Scarlett;+38 049 000 0004;Message 208;2019-04-21 14:27
Hulk;+38 049 000 0001;Message 209;2019-04-21 09:36
IronMan;+38 049 000 0002;Message 210;2020-08-26 13:19
Thor;+38 049 000 0003;Message 211;2019-03-26 16:02
Scarlett;+38 049 000 0004;Message 212;2019-01-19 09:45
Hulk;+38 049 000 0001;Message 213;2020-05-23 11:05
IronMan;+38 049 000 0002;Message 214;2020-04-10 13:11
Thor;+38 049 000 0003;Message 215;2019-09-08 09:49
Scarlett;+38 049 000 0004;Message 216;2019-07-25 10:24
Hulk;+38 049 000 0001;Message 217;2019-08-27 16:22
IronMan;+38 049 000 0002;Message 218;2020-07-31 11:48
Thor;+38 049 000 0003;Message 219;2020-04-07 13:24
Scarlett;+38 049 000 0004;Message 220;2019-11-23 12:38
Hulk;+38 049 000 0001;Message 221;2019-12-10 11:18
IronMan;+38 049 000 0002;Message 222;2020-04-07 15:52
Thor;+38 049 000 0003;Message 223;2019-09-19 15:50
Scarlett;+38 049 000 0004;Message 224;2019-02-28 12:55
Hulk;+38 049 000 0001;Message 225;2019-11-05 14:17
IronMan;+38 049 000 0002;Message 226;2019-03-21 11:42
Thor;+38 049 000 0003;Message 227;2019-03-20 11:49
Scarlett;+38 049 000 0004;Message 228;2020-09-28 08:52
Hulk;+38 049 000 0001;Message 229;2019-07-21 15:33
IronMan;+38 049 000 0002;Message 230;2020-04-11 08:01
Thor;+38 049 000 0003;Message 231;2020-02-21 12:48
Scarlett;+38 049 000 0004;Message 232;2020-04-06 08:14
Hulk;+38 049 000 0001;Message 233;2019-02-23 16:07
IronMan;+38 049 000 0002;Message 234;2020-07-25 08:48
Thor;+38 049 000 0003;Message 235;2019-01-13 08:49
Scarlett;+38 049 000 0004;Message 236;2019-08-31 14:59
Hulk;+38 049 000 0001;Message 237;2020-08-10 15:46
IronMan;+38 049 000 0002;Message 238;2019-06-22 13:59
Thor;+38 049 000 0003;Message 239;2019-12-17 14:39
Scarlett;+38 049 000 0004;Message 240;2020-04-10 11:27
Hulk;+38 049 000 0001;Message 241;2019-08-25 10:05
IronMan;+38 049 000 0002;Message 242;2019-07-09 09:32
Thor;+38 049 000 0003;Message 243;2019-07-05 16:40
Scarlett;+38 049 000 0004;Message 244;2020-09-28 13:39
Hulk;+38 049 000 0001;Message 245;2019-11-25 15:46
IronMan;+38 049 000 0002;Message 246;2019-07-23 10:58
Thor;+38 049 000 0003;Message 247;2019-10-22 15:45
Scarlett;+38 049 000 0004;Message 248;2020-06-23 11:37
